BEAKER,FULL TIME,TEMP,UTC_DATE,24 HOUR UTC,24PST,PST_DATE,DAY
1C,7/30/2024 13:38,20.1,7/30/2024,13:38:25, 6:38:25,7/30/2024,DAY1 
1C,7/30/2024 14:38,20.1,7/30/2024,14:38:25, 7:38:25,7/30/2024,DAY1
1C,7/30/2024 15:38,20.1,7/30/2024,15:38:25, 8:38:25,7/30/2024,DAY1
1C,7/30/2024 16:38,20.2,7/30/2024,16:38:25, 9:38:25,7/30/2024,DAY1
1C,7/30/2024 17:38,20.1,7/30/2024,17:38:25,10:38:25,7/30/2024,DAY1
1C,7/30/2024 18:38,20.1,7/30/2024,18:38:25,11:38:25,7/30/2024,DAY1
1C,7/30/2024 19:38,20.1,7/30/2024,19:38:25,12:38:25,7/30/2024,DAY1
1C,7/30/2024 20:38,20.2,7/30/2024,20:38:25,13:38:25,7/30/2024,DAY1
1C,7/30/2024 21:38,20.1,7/30/2024,21:38:25,14:38:25,7/30/2024,DAY1
1C,7/30/2024 22:38,20.2,7/30/2024,22:38:25,15:38:25,7/30/2024,DAY1
1C,7/30/2024 23:38,20.2,7/30/2024,23:38:25,16:38:25,7/30/2024,DAY1
1C,7/31/2024 0:38,20.1,7/31/2024, 0:38:25,17:38:25,7/30/2024,DAY1
1C,7/31/2024 1:38,20.1,7/31/2024, 1:38:25,18:38:25,7/30/2024,DAY1
1C,7/31/2024 2:38,20.1,7/31/2024, 2:38:25,19:38:25,7/30/2024,NIGHT 1
1C,7/31/2024 3:38,20.1,7/31/2024, 3:38:25,20:38:25,7/30/2024,NIGHT 1
1C,7/31/2024 4:38,20.1,7/31/2024, 4:38:25,21:38:25,7/30/2024,NIGHT 1
1C,7/31/2024 5:38,20.2,7/31/2024, 5:38:25,22:38:25,7/30/2024,NIGHT 1
1C,7/31/2024 6:38,20.3,7/31/2024, 6:38:25,23:38:25,7/30/2024,NIGHT 1
1C,7/31/2024 7:38,20.2,7/31/2024, 7:38:25, 0:38:25,7/31/2024,NIGHT 1
1C,7/31/2024 8:38,20.1,7/31/2024, 8:38:25, 1:38:25,7/31/2024,NIGHT 1
1C,7/31/2024 9:38,20.1,7/31/2024, 9:38:25, 2:38:25,7/31/2024,NIGHT 1
1C,7/31/2024 10:38,20.1,7/31/2024,10:38:25, 3:38:25,7/31/2024,NIGHT 1
1C,7/31/2024 11:38,20,7/31/2024,11:38:25, 4:38:25,7/31/2024,NIGHT 1
1C,7/31/2024 12:38,20.1,7/31/2024,12:38:25, 5:38:25,7/31/2024,NIGHT 1
1C,7/31/2024 13:38,20.1,7/31/2024,13:38:25, 6:38:25,7/31/2024,NIGHT 1
1C,7/31/2024 14:38,20.5,7/31/2024,14:38:25, 7:38:25,7/31/2024,DAY 2
1C,7/31/2024 15:38,20.3,7/31/2024,15:38:25, 8:38:25,7/31/2024,DAY 2
1C,7/31/2024 16:38,20.2,7/31/2024,16:38:25, 9:38:25,7/31/2024,DAY 2
1C,7/31/2024 17:38,20.2,7/31/2024,17:38:25,10:38:25,7/31/2024,DAY 2
1C,7/31/2024 18:38,20.2,7/31/2024,18:38:25,11:38:25,7/31/2024,DAY 2
1C,7/31/2024 19:38,20.2,7/31/2024,19:38:25,12:38:25,7/31/2024,DAY 2
1C,7/31/2024 20:38,20.2,7/31/2024,20:38:25,13:38:25,7/31/2024,DAY 2
1C,7/31/2024 21:38,20.2,7/31/2024,21:38:25,14:38:25,7/31/2024,DAY 2
1C,7/31/2024 22:38,20.2,7/31/2024,22:38:25,15:38:25,7/31/2024,DAY 2
1C,7/31/2024 23:38,20.1,7/31/2024,23:38:25,16:38:25,7/31/2024,DAY 2
1C,8/1/2024 0:38,20.1,8/1/2024, 0:38:25,17:38:25,7/31/2024,DAY 2
1C,8/1/2024 1:38,20.1,8/1/2024, 1:38:25,18:38:25,7/31/2024,DAY 2
1C,8/1/2024 2:38,20.1,8/1/2024, 2:38:25,19:38:25,7/31/2024,NIGHT 2
1C,8/1/2024 3:38,20,8/1/2024, 3:38:25,20:38:25,7/31/2024,NIGHT 2
1C,8/1/2024 4:38,20,8/1/2024, 4:38:25,21:38:25,7/31/2024,NIGHT 2
1C,8/1/2024 5:38,20,8/1/2024, 5:38:25,22:38:25,7/31/2024,NIGHT 2
1C,8/1/2024 6:38,19.9,8/1/2024, 6:38:25,23:38:25,7/31/2024,NIGHT 2
1C,8/1/2024 7:38,19.9,8/1/2024, 7:38:25, 0:38:25,8/1/2024,NIGHT 2
1C,8/1/2024 8:38,19.9,8/1/2024, 8:38:25, 1:38:25,8/1/2024,NIGHT 2
1C,8/1/2024 9:38,19.9,8/1/2024, 9:38:25, 2:38:25,8/1/2024,NIGHT 2
1C,8/1/2024 10:38,19.9,8/1/2024,10:38:25, 3:38:25,8/1/2024,NIGHT 2
1C,8/1/2024 11:38,19.9,8/1/2024,11:38:25, 4:38:25,8/1/2024,NIGHT 2
1C,8/1/2024 12:38,19.9,8/1/2024,12:38:25, 5:38:25,8/1/2024,NIGHT 2
1C,8/1/2024 13:38,19.8,8/1/2024,13:38:25, 6:38:25,8/1/2024,NIGHT 2
1C,8/1/2024 14:38,19.9,8/1/2024,14:38:25, 7:38:25,8/1/2024,DAY 3
1C,8/1/2024 15:38,20,8/1/2024,15:38:25, 8:38:25,8/1/2024,DAY 3
1C,8/1/2024 16:38,20.1,8/1/2024,16:38:25, 9:38:25,8/1/2024,DAY 3
1C,8/1/2024 17:38,20.1,8/1/2024,17:38:25,10:38:25,8/1/2024,DAY 3
1C,8/1/2024 18:38,20,8/1/2024,18:38:25,11:38:25,8/1/2024,DAY 3
1C,8/1/2024 19:38,20,8/1/2024,19:38:25,12:38:25,8/1/2024,DAY 3
1C,8/1/2024 20:38,20,8/1/2024,20:38:25,13:38:25,8/1/2024,DAY 3
1C,8/1/2024 21:38,20,8/1/2024,21:38:25,14:38:25,8/1/2024,DAY 3
1C,8/1/2024 22:38,20.1,8/1/2024,22:38:25,15:38:25,8/1/2024,DAY 3
1C,8/1/2024 23:38,20.1,8/1/2024,23:38:25,16:38:25,8/1/2024,DAY 3
1C,8/2/2024 0:38,20.1,8/2/2024, 0:38:25,17:38:25,8/1/2024,DAY 3
1C,8/2/2024 1:38,20.1,8/2/2024, 1:38:25,18:38:25,8/1/2024,DAY 3
1C,8/2/2024 2:38,20,8/2/2024, 2:38:25,19:38:25,8/1/2024,NIGHT 3
1C,8/2/2024 3:38,20.1,8/2/2024, 3:38:25,20:38:25,8/1/2024,NIGHT 3
1C,8/2/2024 4:38,20,8/2/2024, 4:38:25,21:38:25,8/1/2024,NIGHT 3
1C,8/2/2024 5:38,20,8/2/2024, 5:38:25,22:38:25,8/1/2024,NIGHT 3
1C,8/2/2024 6:38,19.9,8/2/2024, 6:38:25,23:38:25,8/1/2024,NIGHT 3
1C,8/2/2024 7:38,19.9,8/2/2024, 7:38:25, 0:38:25,8/2/2024,NIGHT 3
1C,8/2/2024 8:38,20,8/2/2024, 8:38:25, 1:38:25,8/2/2024,NIGHT 3
1C,8/2/2024 9:38,19.9,8/2/2024, 9:38:25, 2:38:25,8/2/2024,NIGHT 3
1C,8/2/2024 10:38,19.9,8/2/2024,10:38:25, 3:38:25,8/2/2024,NIGHT 3
1C,8/2/2024 11:38,19.9,8/2/2024,11:38:25, 4:38:25,8/2/2024,NIGHT 3
1C,8/2/2024 12:38,19.9,8/2/2024,12:38:25, 5:38:25,8/2/2024,NIGHT 3
1C,8/2/2024 13:38,19.8,8/2/2024,13:38:25, 6:38:25,8/2/2024,NIGHT 3
1C,8/2/2024 14:38,19.9,8/2/2024,14:38:25, 7:38:25,8/2/2024,DAY 4
1C,8/2/2024 15:38,19.9,8/2/2024,15:38:25, 8:38:25,8/2/2024,DAY 4
1C,8/2/2024 16:38,19.9,8/2/2024,16:38:25, 9:38:25,8/2/2024,DAY 4
1C,8/2/2024 17:38,19.9,8/2/2024,17:38:25,10:38:25,8/2/2024,DAY 4
1C,8/2/2024 18:38,20,8/2/2024,18:38:25,11:38:25,8/2/2024,DAY 4
1C,8/2/2024 19:38,20,8/2/2024,19:38:25,12:38:25,8/2/2024,DAY 4
1C,8/2/2024 20:38,20,8/2/2024,20:38:25,13:38:25,8/2/2024,DAY 4
1C,8/2/2024 21:38,20,8/2/2024,21:38:25,14:38:25,8/2/2024,DAY 4
1C,8/2/2024 22:38,20,8/2/2024,22:38:25,15:38:25,8/2/2024,DAY 4
1C,8/2/2024 23:38,20,8/2/2024,23:38:25,16:38:25,8/2/2024,DAY 4
1C,8/3/2024 0:38,20.1,8/3/2024, 0:38:25,17:38:25,8/2/2024,DAY 4
1C,8/3/2024 1:38,20,8/3/2024, 1:38:25,18:38:25,8/2/2024,DAY 4
1C,8/3/2024 2:38,20,8/3/2024, 2:38:25,19:38:25,8/2/2024,NIGHT 4
1C,8/3/2024 3:38,19.9,8/3/2024, 3:38:25,20:38:25,8/2/2024,NIGHT 4
1C,8/3/2024 4:38,19.9,8/3/2024, 4:38:25,21:38:25,8/2/2024,NIGHT 4
1C,8/3/2024 5:38,19.9,8/3/2024, 5:38:25,22:38:25,8/2/2024,NIGHT 4
1C,8/3/2024 6:38,19.9,8/3/2024, 6:38:25,23:38:25,8/2/2024,NIGHT 4
1C,8/3/2024 7:38,19.8,8/3/2024, 7:38:25, 0:38:25,8/3/2024,NIGHT 4
1C,8/3/2024 8:38,19.9,8/3/2024, 8:38:25, 1:38:25,8/3/2024,NIGHT 4
1C,8/3/2024 9:38,19.8,8/3/2024, 9:38:25, 2:38:25,8/3/2024,NIGHT 4
1C,8/3/2024 10:38,19.8,8/3/2024,10:38:25, 3:38:25,8/3/2024,NIGHT 4
1C,8/3/2024 11:38,19.8,8/3/2024,11:38:25, 4:38:25,8/3/2024,NIGHT 4
1C,8/3/2024 12:38,19.7,8/3/2024,12:38:25, 5:38:25,8/3/2024,NIGHT 4
1C,8/3/2024 13:38,19.8,8/3/2024,13:38:25, 6:38:25,8/3/2024,NIGHT 4
1C,8/3/2024 14:38,19.8,8/3/2024,14:38:25, 7:38:25,8/3/2024,DAY 5
1C,8/3/2024 15:38,19.8,8/3/2024,15:38:25, 8:38:25,8/3/2024,DAY 5
1C,8/3/2024 16:38,19.8,8/3/2024,16:38:25, 9:38:25,8/3/2024,DAY 5
1C,8/3/2024 17:38,19.8,8/3/2024,17:38:25,10:38:25,8/3/2024,DAY 5
1C,8/3/2024 18:38,19.8,8/3/2024,18:38:25,11:38:25,8/3/2024,DAY 5
1C,8/3/2024 19:38,19.7,8/3/2024,19:38:25,12:38:25,8/3/2024,DAY 5
1C,8/3/2024 20:38,19.8,8/3/2024,20:38:25,13:38:25,8/3/2024,DAY 5
1C,8/3/2024 21:38,19.7,8/3/2024,21:38:25,14:38:25,8/3/2024,DAY 5
1C,8/3/2024 22:38,19.7,8/3/2024,22:38:25,15:38:25,8/3/2024,DAY 5
1C,8/3/2024 23:38,19.7,8/3/2024,23:38:25,16:38:25,8/3/2024,DAY 5
1C,8/4/2024 0:38,19.7,8/4/2024, 0:38:25,17:38:25,8/3/2024,DAY 5
1C,8/4/2024 1:38,19.6,8/4/2024, 1:38:25,18:38:25,8/3/2024,DAY 5
1C,8/4/2024 2:38,19.6,8/4/2024, 2:38:25,19:38:25,8/3/2024,NIGHT 5
1C,8/4/2024 3:38,19.5,8/4/2024, 3:38:25,20:38:25,8/3/2024,NIGHT 5
1C,8/4/2024 4:38,19.6,8/4/2024, 4:38:25,21:38:25,8/3/2024,NIGHT 5
1C,8/4/2024 5:38,19.5,8/4/2024, 5:38:25,22:38:25,8/3/2024,NIGHT 5
1C,8/4/2024 6:38,19.6,8/4/2024, 6:38:25,23:38:25,8/3/2024,NIGHT 5
4C,7/30/2024 13:33,19.9,7/30/2024,13:33:03, 6:33:03,7/30/2024,
4C,7/30/2024 14:33,20,7/30/2024,14:33:03, 7:33:03,7/30/2024,
4C,7/30/2024 15:33,20,7/30/2024,15:33:03, 8:33:03,7/30/2024,
4C,7/30/2024 16:33,20,7/30/2024,16:33:03, 9:33:03,7/30/2024,
4C,7/30/2024 17:33,20,7/30/2024,17:33:03,10:33:03,7/30/2024,
4C,7/30/2024 18:33,20,7/30/2024,18:33:03,11:33:03,7/30/2024,
4C,7/30/2024 19:33,20.1,7/30/2024,19:33:03,12:33:03,7/30/2024,
4C,7/30/2024 20:33,20.1,7/30/2024,20:33:03,13:33:03,7/30/2024,
4C,7/30/2024 21:33,20,7/30/2024,21:33:03,14:33:03,7/30/2024,
4C,7/30/2024 22:33,20,7/30/2024,22:33:03,15:33:03,7/30/2024,
4C,7/30/2024 23:33,20.1,7/30/2024,23:33:03,16:33:03,7/30/2024,
4C,7/31/2024 0:33,20.1,7/31/2024, 0:33:03,17:33:03,7/30/2024,
4C,7/31/2024 1:33,20,7/31/2024, 1:33:03,18:33:03,7/30/2024,
4C,7/31/2024 2:33,20,7/31/2024, 2:33:03,19:33:03,7/30/2024,
4C,7/31/2024 3:33,20,7/31/2024, 3:33:03,20:33:03,7/30/2024,
4C,7/31/2024 4:33,20,7/31/2024, 4:33:03,21:33:03,7/30/2024,
4C,7/31/2024 5:33,20,7/31/2024, 5:33:03,22:33:03,7/30/2024,
4C,7/31/2024 6:33,20.1,7/31/2024, 6:33:03,23:33:03,7/30/2024,
4C,7/31/2024 7:33,20,7/31/2024, 7:33:03, 0:33:03,7/31/2024,
4C,7/31/2024 8:33,20,7/31/2024, 8:33:03, 1:33:03,7/31/2024,
4C,7/31/2024 9:33,20,7/31/2024, 9:33:03, 2:33:03,7/31/2024,
4C,7/31/2024 10:33,20,7/31/2024,10:33:03, 3:33:03,7/31/2024,
4C,7/31/2024 11:33,20,7/31/2024,11:33:03, 4:33:03,7/31/2024,
4C,7/31/2024 12:33,19.9,7/31/2024,12:33:03, 5:33:03,7/31/2024,
4C,7/31/2024 13:33,20.1,7/31/2024,13:33:03, 6:33:03,7/31/2024,
4C,7/31/2024 14:33,20.1,7/31/2024,14:33:03, 7:33:03,7/31/2024,
4C,7/31/2024 15:33,20,7/31/2024,15:33:03, 8:33:03,7/31/2024,
4C,7/31/2024 16:33,20.4,7/31/2024,16:33:03, 9:33:03,7/31/2024,
4C,7/31/2024 17:33,20.2,7/31/2024,17:33:03,10:33:03,7/31/2024,
4C,7/31/2024 18:33,20.1,7/31/2024,18:33:03,11:33:03,7/31/2024,
4C,7/31/2024 19:33,20.1,7/31/2024,19:33:03,12:33:03,7/31/2024,
4C,7/31/2024 20:33,20.1,7/31/2024,20:33:03,13:33:03,7/31/2024,
4C,7/31/2024 21:33,20.1,7/31/2024,21:33:03,14:33:03,7/31/2024,
4C,7/31/2024 22:33,20.1,7/31/2024,22:33:03,15:33:03,7/31/2024,
4C,7/31/2024 23:33,20.1,7/31/2024,23:33:03,16:33:03,7/31/2024,
4C,8/1/2024 0:33,20,8/1/2024, 0:33:03,17:33:03,7/31/2024,
4C,8/1/2024 1:33,20,8/1/2024, 1:33:03,18:33:03,7/31/2024,
4C,8/1/2024 2:33,19.9,8/1/2024, 2:33:03,19:33:03,7/31/2024,
4C,8/1/2024 3:33,19.9,8/1/2024, 3:33:03,20:33:03,7/31/2024,
4C,8/1/2024 4:33,19.9,8/1/2024, 4:33:03,21:33:03,7/31/2024,
4C,8/1/2024 5:33,19.9,8/1/2024, 5:33:03,22:33:03,7/31/2024,
4C,8/1/2024 6:33,19.9,8/1/2024, 6:33:03,23:33:03,7/31/2024,
4C,8/1/2024 7:33,19.8,8/1/2024, 7:33:03, 0:33:03,8/1/2024,
4C,8/1/2024 8:33,19.8,8/1/2024, 8:33:03, 1:33:03,8/1/2024,
4C,8/1/2024 9:33,19.8,8/1/2024, 9:33:03, 2:33:03,8/1/2024,
4C,8/1/2024 10:33,19.8,8/1/2024,10:33:03, 3:33:03,8/1/2024,
4C,8/1/2024 11:33,19.7,8/1/2024,11:33:03, 4:33:03,8/1/2024,
4C,8/1/2024 12:33,19.8,8/1/2024,12:33:03, 5:33:03,8/1/2024,
4C,8/1/2024 13:33,19.8,8/1/2024,13:33:03, 6:33:03,8/1/2024,
4C,8/1/2024 14:33,19.8,8/1/2024,14:33:03, 7:33:03,8/1/2024,
4C,8/1/2024 15:33,19.8,8/1/2024,15:33:03, 8:33:03,8/1/2024,
4C,8/1/2024 16:33,19.9,8/1/2024,16:33:03, 9:33:03,8/1/2024,
4C,8/1/2024 17:33,19.9,8/1/2024,17:33:03,10:33:03,8/1/2024,
4C,8/1/2024 18:33,19.9,8/1/2024,18:33:03,11:33:03,8/1/2024,
4C,8/1/2024 19:33,19.9,8/1/2024,19:33:03,12:33:03,8/1/2024,
4C,8/1/2024 20:33,19.9,8/1/2024,20:33:03,13:33:03,8/1/2024,
4C,8/1/2024 21:33,19.9,8/1/2024,21:33:03,14:33:03,8/1/2024,
4C,8/1/2024 22:33,20,8/1/2024,22:33:03,15:33:03,8/1/2024,
4C,8/1/2024 23:33,20,8/1/2024,23:33:03,16:33:03,8/1/2024,
4C,8/2/2024 0:33,20,8/2/2024, 0:33:03,17:33:03,8/1/2024,
4C,8/2/2024 1:33,20,8/2/2024, 1:33:03,18:33:03,8/1/2024,
4C,8/2/2024 2:33,19.9,8/2/2024, 2:33:03,19:33:03,8/1/2024,
4C,8/2/2024 3:33,19.9,8/2/2024, 3:33:03,20:33:03,8/1/2024,
4C,8/2/2024 4:33,19.9,8/2/2024, 4:33:03,21:33:03,8/1/2024,
4C,8/2/2024 5:33,19.9,8/2/2024, 5:33:03,22:33:03,8/1/2024,
4C,8/2/2024 6:33,19.8,8/2/2024, 6:33:03,23:33:03,8/1/2024,
4C,8/2/2024 7:33,19.8,8/2/2024, 7:33:03, 0:33:03,8/2/2024,
4C,8/2/2024 8:33,19.8,8/2/2024, 8:33:03, 1:33:03,8/2/2024,
4C,8/2/2024 9:33,19.7,8/2/2024, 9:33:03, 2:33:03,8/2/2024,
4C,8/2/2024 10:33,19.7,8/2/2024,10:33:03, 3:33:03,8/2/2024,
4C,8/2/2024 11:33,19.7,8/2/2024,11:33:03, 4:33:03,8/2/2024,
4C,8/2/2024 12:33,19.7,8/2/2024,12:33:03, 5:33:03,8/2/2024,
4C,8/2/2024 13:33,19.7,8/2/2024,13:33:03, 6:33:03,8/2/2024,
4C,8/2/2024 14:33,19.8,8/2/2024,14:33:03, 7:33:03,8/2/2024,
4C,8/2/2024 15:33,19.8,8/2/2024,15:33:03, 8:33:03,8/2/2024,
4C,8/2/2024 16:33,19.8,8/2/2024,16:33:03, 9:33:03,8/2/2024,
4C,8/2/2024 17:33,19.8,8/2/2024,17:33:03,10:33:03,8/2/2024,
4C,8/2/2024 18:33,19.9,8/2/2024,18:33:03,11:33:03,8/2/2024,
4C,8/2/2024 19:33,19.9,8/2/2024,19:33:03,12:33:03,8/2/2024,
4C,8/2/2024 20:33,19.9,8/2/2024,20:33:03,13:33:03,8/2/2024,
4C,8/2/2024 21:33,19.9,8/2/2024,21:33:03,14:33:03,8/2/2024,
4C,8/2/2024 22:33,20,8/2/2024,22:33:03,15:33:03,8/2/2024,
4C,8/2/2024 23:33,19.9,8/2/2024,23:33:03,16:33:03,8/2/2024,
4C,8/3/2024 0:33,19.9,8/3/2024, 0:33:03,17:33:03,8/2/2024,
4C,8/3/2024 1:33,19.9,8/3/2024, 1:33:03,18:33:03,8/2/2024,
4C,8/3/2024 2:33,19.8,8/3/2024, 2:33:03,19:33:03,8/2/2024,
4C,8/3/2024 3:33,19.8,8/3/2024, 3:33:03,20:33:03,8/2/2024,
4C,8/3/2024 4:33,19.8,8/3/2024, 4:33:03,21:33:03,8/2/2024,
4C,8/3/2024 5:33,19.7,8/3/2024, 5:33:03,22:33:03,8/2/2024,
4C,8/3/2024 6:33,19.8,8/3/2024, 6:33:03,23:33:03,8/2/2024,
4C,8/3/2024 7:33,19.7,8/3/2024, 7:33:03, 0:33:03,8/3/2024,
4C,8/3/2024 8:33,19.7,8/3/2024, 8:33:03, 1:33:03,8/3/2024,
4C,8/3/2024 9:33,19.7,8/3/2024, 9:33:03, 2:33:03,8/3/2024,
4C,8/3/2024 10:33,19.7,8/3/2024,10:33:03, 3:33:03,8/3/2024,
4C,8/3/2024 11:33,19.7,8/3/2024,11:33:03, 4:33:03,8/3/2024,
4C,8/3/2024 12:33,19.6,8/3/2024,12:33:03, 5:33:03,8/3/2024,
4C,8/3/2024 13:33,19.7,8/3/2024,13:33:03, 6:33:03,8/3/2024,
4C,8/3/2024 14:33,19.6,8/3/2024,14:33:03, 7:33:03,8/3/2024,
4C,8/3/2024 15:33,19.7,8/3/2024,15:33:03, 8:33:03,8/3/2024,
4C,8/3/2024 16:33,19.6,8/3/2024,16:33:03, 9:33:03,8/3/2024,
4C,8/3/2024 17:33,19.6,8/3/2024,17:33:03,10:33:03,8/3/2024,
4C,8/3/2024 18:33,19.6,8/3/2024,18:33:03,11:33:03,8/3/2024,
4C,8/3/2024 19:33,19.6,8/3/2024,19:33:03,12:33:03,8/3/2024,
4C,8/3/2024 20:33,19.6,8/3/2024,20:33:03,13:33:03,8/3/2024,
4C,8/3/2024 21:33,19.6,8/3/2024,21:33:03,14:33:03,8/3/2024,
4C,8/3/2024 22:33,19.6,8/3/2024,22:33:03,15:33:03,8/3/2024,
4C,8/3/2024 23:33,19.6,8/3/2024,23:33:03,16:33:03,8/3/2024,
4C,8/4/2024 0:33,19.5,8/4/2024, 0:33:03,17:33:03,8/3/2024,
4C,8/4/2024 1:33,19.5,8/4/2024, 1:33:03,18:33:03,8/3/2024,
4C,8/4/2024 2:33,19.4,8/4/2024, 2:33:03,19:33:03,8/3/2024,
4C,8/4/2024 3:33,19.4,8/4/2024, 3:33:03,20:33:03,8/3/2024,
4C,8/4/2024 4:33,19.4,8/4/2024, 4:33:03,21:33:03,8/3/2024,
4C,8/4/2024 5:33,19.4,8/4/2024, 5:33:03,22:33:03,8/3/2024,
4C,8/4/2024 6:33,19.5,8/4/2024, 6:33:03,23:33:03,8/3/2024,
5C,7/30/2024 13:36,20.1,7/30/2024,13:36:22, 6:36:22,7/30/2024,
5C,7/30/2024 14:36,20.1,7/30/2024,14:36:22, 7:36:22,7/30/2024,
5C,7/30/2024 15:36,20.1,7/30/2024,15:36:22, 8:36:22,7/30/2024,
5C,7/30/2024 16:36,20.1,7/30/2024,16:36:22, 9:36:22,7/30/2024,
5C,7/30/2024 17:36,20.1,7/30/2024,17:36:22,10:36:22,7/30/2024,
5C,7/30/2024 18:36,20.1,7/30/2024,18:36:22,11:36:22,7/30/2024,
5C,7/30/2024 19:36,20.1,7/30/2024,19:36:22,12:36:22,7/30/2024,
5C,7/30/2024 20:36,20.1,7/30/2024,20:36:22,13:36:22,7/30/2024,
5C,7/30/2024 21:36,20.1,7/30/2024,21:36:22,14:36:22,7/30/2024,
5C,7/30/2024 22:36,20.1,7/30/2024,22:36:22,15:36:22,7/30/2024,
5C,7/30/2024 23:36,20.1,7/30/2024,23:36:22,16:36:22,7/30/2024,
5C,7/31/2024 0:36,20.2,7/31/2024, 0:36:22,17:36:22,7/30/2024,
5C,7/31/2024 1:36,20.1,7/31/2024, 1:36:22,18:36:22,7/30/2024,
5C,7/31/2024 2:36,20.1,7/31/2024, 2:36:22,19:36:22,7/30/2024,
5C,7/31/2024 3:36,20.1,7/31/2024, 3:36:22,20:36:22,7/30/2024,
5C,7/31/2024 4:36,20.1,7/31/2024, 4:36:22,21:36:22,7/30/2024,
5C,7/31/2024 5:36,20.1,7/31/2024, 5:36:22,22:36:22,7/30/2024,
5C,7/31/2024 6:36,20.2,7/31/2024, 6:36:22,23:36:22,7/30/2024,
5C,7/31/2024 7:36,20.1,7/31/2024, 7:36:22, 0:36:22,7/31/2024,
5C,7/31/2024 8:36,20.1,7/31/2024, 8:36:22, 1:36:22,7/31/2024,
5C,7/31/2024 9:36,20.1,7/31/2024, 9:36:22, 2:36:22,7/31/2024,
5C,7/31/2024 10:36,20.1,7/31/2024,10:36:22, 3:36:22,7/31/2024,
5C,7/31/2024 11:36,20.1,7/31/2024,11:36:22, 4:36:22,7/31/2024,
5C,7/31/2024 12:36,20.1,7/31/2024,12:36:22, 5:36:22,7/31/2024,
5C,7/31/2024 13:36,20.2,7/31/2024,13:36:22, 6:36:22,7/31/2024,
5C,7/31/2024 14:36,20.2,7/31/2024,14:36:22, 7:36:22,7/31/2024,
5C,7/31/2024 15:36,20.6,7/31/2024,15:36:22, 8:36:22,7/31/2024,
5C,7/31/2024 16:36,20.4,7/31/2024,16:36:22, 9:36:22,7/31/2024,
5C,7/31/2024 17:36,20.3,7/31/2024,17:36:22,10:36:22,7/31/2024,
5C,7/31/2024 18:36,20.3,7/31/2024,18:36:22,11:36:22,7/31/2024,
5C,7/31/2024 19:36,20.3,7/31/2024,19:36:22,12:36:22,7/31/2024,
5C,7/31/2024 20:36,20.3,7/31/2024,20:36:22,13:36:22,7/31/2024,
5C,7/31/2024 21:36,20.2,7/31/2024,21:36:22,14:36:22,7/31/2024,
5C,7/31/2024 22:36,20.3,7/31/2024,22:36:22,15:36:22,7/31/2024,
5C,7/31/2024 23:36,20.2,7/31/2024,23:36:22,16:36:22,7/31/2024,
5C,8/1/2024 0:36,20.2,8/1/2024, 0:36:22,17:36:22,7/31/2024,
5C,8/1/2024 1:36,20.1,8/1/2024, 1:36:22,18:36:22,7/31/2024,
5C,8/1/2024 2:36,20.1,8/1/2024, 2:36:22,19:36:22,7/31/2024,
5C,8/1/2024 3:36,20,8/1/2024, 3:36:22,20:36:22,7/31/2024,
5C,8/1/2024 4:36,20,8/1/2024, 4:36:22,21:36:22,7/31/2024,
5C,8/1/2024 5:36,20,8/1/2024, 5:36:22,22:36:22,7/31/2024,
5C,8/1/2024 6:36,20,8/1/2024, 6:36:22,23:36:22,7/31/2024,
5C,8/1/2024 7:36,19.9,8/1/2024, 7:36:22, 0:36:22,8/1/2024,
5C,8/1/2024 8:36,19.9,8/1/2024, 8:36:22, 1:36:22,8/1/2024,
5C,8/1/2024 9:36,19.9,8/1/2024, 9:36:22, 2:36:22,8/1/2024,
5C,8/1/2024 10:36,19.9,8/1/2024,10:36:22, 3:36:22,8/1/2024,
5C,8/1/2024 11:36,19.9,8/1/2024,11:36:22, 4:36:22,8/1/2024,
5C,8/1/2024 12:36,19.9,8/1/2024,12:36:22, 5:36:22,8/1/2024,
5C,8/1/2024 13:36,19.9,8/1/2024,13:36:22, 6:36:22,8/1/2024,
5C,8/1/2024 14:36,19.9,8/1/2024,14:36:22, 7:36:22,8/1/2024,
5C,8/1/2024 15:36,20,8/1/2024,15:36:22, 8:36:22,8/1/2024,
5C,8/1/2024 16:36,20,8/1/2024,16:36:22, 9:36:22,8/1/2024,
5C,8/1/2024 17:36,20,8/1/2024,17:36:22,10:36:22,8/1/2024,
5C,8/1/2024 18:36,20,8/1/2024,18:36:22,11:36:22,8/1/2024,
5C,8/1/2024 19:36,20,8/1/2024,19:36:22,12:36:22,8/1/2024,
5C,8/1/2024 20:36,20.1,8/1/2024,20:36:22,13:36:22,8/1/2024,
5C,8/1/2024 21:36,20.1,8/1/2024,21:36:22,14:36:22,8/1/2024,
5C,8/1/2024 22:36,20.1,8/1/2024,22:36:22,15:36:22,8/1/2024,
5C,8/1/2024 23:36,20.1,8/1/2024,23:36:22,16:36:22,8/1/2024,
5C,8/2/2024 0:36,20.2,8/2/2024, 0:36:22,17:36:22,8/1/2024,
5C,8/2/2024 1:36,20.1,8/2/2024, 1:36:22,18:36:22,8/1/2024,
5C,8/2/2024 2:36,20.1,8/2/2024, 2:36:22,19:36:22,8/1/2024,
5C,8/2/2024 3:36,20,8/2/2024, 3:36:22,20:36:22,8/1/2024,
5C,8/2/2024 4:36,20,8/2/2024, 4:36:22,21:36:22,8/1/2024,
5C,8/2/2024 5:36,20,8/2/2024, 5:36:22,22:36:22,8/1/2024,
5C,8/2/2024 6:36,20,8/2/2024, 6:36:22,23:36:22,8/1/2024,
5C,8/2/2024 7:36,20,8/2/2024, 7:36:22, 0:36:22,8/2/2024,
5C,8/2/2024 8:36,19.9,8/2/2024, 8:36:22, 1:36:22,8/2/2024,
5C,8/2/2024 9:36,19.9,8/2/2024, 9:36:22, 2:36:22,8/2/2024,
5C,8/2/2024 10:36,19.9,8/2/2024,10:36:22, 3:36:22,8/2/2024,
5C,8/2/2024 11:36,19.9,8/2/2024,11:36:22, 4:36:22,8/2/2024,
5C,8/2/2024 12:36,19.9,8/2/2024,12:36:22, 5:36:22,8/2/2024,
5C,8/2/2024 13:36,19.9,8/2/2024,13:36:22, 6:36:22,8/2/2024,
5C,8/2/2024 14:36,19.9,8/2/2024,14:36:22, 7:36:22,8/2/2024,
5C,8/2/2024 15:36,19.9,8/2/2024,15:36:22, 8:36:22,8/2/2024,
5C,8/2/2024 16:36,19.9,8/2/2024,16:36:22, 9:36:22,8/2/2024,
5C,8/2/2024 17:36,19.9,8/2/2024,17:36:22,10:36:22,8/2/2024,
5C,8/2/2024 18:36,20,8/2/2024,18:36:22,11:36:22,8/2/2024,
5C,8/2/2024 19:36,20,8/2/2024,19:36:22,12:36:22,8/2/2024,
5C,8/2/2024 20:36,20,8/2/2024,20:36:22,13:36:22,8/2/2024,
5C,8/2/2024 21:36,20,8/2/2024,21:36:22,14:36:22,8/2/2024,
5C,8/2/2024 22:36,20,8/2/2024,22:36:22,15:36:22,8/2/2024,
5C,8/2/2024 23:36,20,8/2/2024,23:36:22,16:36:22,8/2/2024,
5C,8/3/2024 0:36,20.1,8/3/2024, 0:36:22,17:36:22,8/2/2024,
5C,8/3/2024 1:36,20,8/3/2024, 1:36:22,18:36:22,8/2/2024,
5C,8/3/2024 2:36,20,8/3/2024, 2:36:22,19:36:22,8/2/2024,
5C,8/3/2024 3:36,19.9,8/3/2024, 3:36:22,20:36:22,8/2/2024,
5C,8/3/2024 4:36,19.9,8/3/2024, 4:36:22,21:36:22,8/2/2024,
5C,8/3/2024 5:36,19.9,8/3/2024, 5:36:22,22:36:22,8/2/2024,
5C,8/3/2024 6:36,19.8,8/3/2024, 6:36:22,23:36:22,8/2/2024,
5C,8/3/2024 7:36,19.9,8/3/2024, 7:36:22, 0:36:22,8/3/2024,
5C,8/3/2024 8:36,19.8,8/3/2024, 8:36:22, 1:36:22,8/3/2024,
5C,8/3/2024 9:36,19.8,8/3/2024, 9:36:22, 2:36:22,8/3/2024,
5C,8/3/2024 10:36,19.8,8/3/2024,10:36:22, 3:36:22,8/3/2024,
5C,8/3/2024 11:36,19.8,8/3/2024,11:36:22, 4:36:22,8/3/2024,
5C,8/3/2024 12:36,19.8,8/3/2024,12:36:22, 5:36:22,8/3/2024,
5C,8/3/2024 13:36,19.8,8/3/2024,13:36:22, 6:36:22,8/3/2024,
5C,8/3/2024 14:36,19.8,8/3/2024,14:36:22, 7:36:22,8/3/2024,
5C,8/3/2024 15:36,19.8,8/3/2024,15:36:22, 8:36:22,8/3/2024,
5C,8/3/2024 16:36,19.8,8/3/2024,16:36:22, 9:36:22,8/3/2024,
5C,8/3/2024 17:36,19.8,8/3/2024,17:36:22,10:36:22,8/3/2024,
5C,8/3/2024 18:36,19.7,8/3/2024,18:36:22,11:36:22,8/3/2024,
5C,8/3/2024 19:36,19.7,8/3/2024,19:36:22,12:36:22,8/3/2024,
5C,8/3/2024 20:36,19.7,8/3/2024,20:36:22,13:36:22,8/3/2024,
5C,8/3/2024 21:36,19.7,8/3/2024,21:36:22,14:36:22,8/3/2024,
5C,8/3/2024 22:36,19.7,8/3/2024,22:36:22,15:36:22,8/3/2024,
5C,8/3/2024 23:36,19.7,8/3/2024,23:36:22,16:36:22,8/3/2024,
5C,8/4/2024 0:36,19.6,8/4/2024, 0:36:22,17:36:22,8/3/2024,
5C,8/4/2024 1:36,19.6,8/4/2024, 1:36:22,18:36:22,8/3/2024,
5C,8/4/2024 2:36,19.6,8/4/2024, 2:36:22,19:36:22,8/3/2024,
5C,8/4/2024 3:36,19.6,8/4/2024, 3:36:22,20:36:22,8/3/2024,
5C,8/4/2024 4:36,19.6,8/4/2024, 4:36:22,21:36:22,8/3/2024,
5C,8/4/2024 5:36,19.5,8/4/2024, 5:36:22,22:36:22,8/3/2024,
5C,8/4/2024 6:36,19.6,8/4/2024, 6:36:22,23:36:22,8/3/2024,
7C,7/30/2024 13:39,20.1,7/30/2024,13:39:19, 6:39:19,7/30/2024,
7C,7/30/2024 14:39,20.1,7/30/2024,14:39:19, 7:39:19,7/30/2024,
7C,7/30/2024 15:39,20.1,7/30/2024,15:39:19, 8:39:19,7/30/2024,
7C,7/30/2024 16:39,20.1,7/30/2024,16:39:19, 9:39:19,7/30/2024,
7C,7/30/2024 17:39,20.1,7/30/2024,17:39:19,10:39:19,7/30/2024,
7C,7/30/2024 18:39,20.1,7/30/2024,18:39:19,11:39:19,7/30/2024,
7C,7/30/2024 19:39,20.1,7/30/2024,19:39:19,12:39:19,7/30/2024,
7C,7/30/2024 20:39,20.1,7/30/2024,20:39:19,13:39:19,7/30/2024,
7C,7/30/2024 21:39,20.2,7/30/2024,21:39:19,14:39:19,7/30/2024,
7C,7/30/2024 22:39,20.1,7/30/2024,22:39:19,15:39:19,7/30/2024,
7C,7/30/2024 23:39,20.1,7/30/2024,23:39:19,16:39:19,7/30/2024,
7C,7/31/2024 0:39,20.1,7/31/2024, 0:39:19,17:39:19,7/30/2024,
7C,7/31/2024 1:39,20.1,7/31/2024, 1:39:19,18:39:19,7/30/2024,
7C,7/31/2024 2:39,20.1,7/31/2024, 2:39:19,19:39:19,7/30/2024,
7C,7/31/2024 3:39,20.1,7/31/2024, 3:39:19,20:39:19,7/30/2024,
7C,7/31/2024 4:39,20.1,7/31/2024, 4:39:19,21:39:19,7/30/2024,
7C,7/31/2024 5:39,20.1,7/31/2024, 5:39:19,22:39:19,7/30/2024,
7C,7/31/2024 6:39,20.3,7/31/2024, 6:39:19,23:39:19,7/30/2024,
7C,7/31/2024 7:39,20.2,7/31/2024, 7:39:19, 0:39:19,7/31/2024,
7C,7/31/2024 8:39,20.1,7/31/2024, 8:39:19, 1:39:19,7/31/2024,
7C,7/31/2024 9:39,20.1,7/31/2024, 9:39:19, 2:39:19,7/31/2024,
7C,7/31/2024 10:39,20,7/31/2024,10:39:19, 3:39:19,7/31/2024,
7C,7/31/2024 11:39,20,7/31/2024,11:39:19, 4:39:19,7/31/2024,
7C,7/31/2024 12:39,20,7/31/2024,12:39:19, 5:39:19,7/31/2024,
7C,7/31/2024 13:39,20.2,7/31/2024,13:39:19, 6:39:19,7/31/2024,
7C,7/31/2024 14:39,20.1,7/31/2024,14:39:19, 7:39:19,7/31/2024,
7C,7/31/2024 15:39,20.2,7/31/2024,15:39:19, 8:39:19,7/31/2024,
7C,7/31/2024 16:39,20.3,7/31/2024,16:39:19, 9:39:19,7/31/2024,
7C,7/31/2024 17:39,20.2,7/31/2024,17:39:19,10:39:19,7/31/2024,
7C,7/31/2024 18:39,20.2,7/31/2024,18:39:19,11:39:19,7/31/2024,
7C,7/31/2024 19:39,20.2,7/31/2024,19:39:19,12:39:19,7/31/2024,
7C,7/31/2024 20:39,20.2,7/31/2024,20:39:19,13:39:19,7/31/2024,
7C,7/31/2024 21:39,20.1,7/31/2024,21:39:19,14:39:19,7/31/2024,
7C,7/31/2024 22:39,20.1,7/31/2024,22:39:19,15:39:19,7/31/2024,
7C,7/31/2024 23:39,20.1,7/31/2024,23:39:19,16:39:19,7/31/2024,
7C,8/1/2024 0:39,20.1,8/1/2024, 0:39:19,17:39:19,7/31/2024,
7C,8/1/2024 1:39,20.1,8/1/2024, 1:39:19,18:39:19,7/31/2024,
7C,8/1/2024 2:39,20,8/1/2024, 2:39:19,19:39:19,7/31/2024,
7C,8/1/2024 3:39,20.1,8/1/2024, 3:39:19,20:39:19,7/31/2024,
7C,8/1/2024 4:39,20,8/1/2024, 4:39:19,21:39:19,7/31/2024,
7C,8/1/2024 5:39,19.9,8/1/2024, 5:39:19,22:39:19,7/31/2024,
7C,8/1/2024 6:39,19.9,8/1/2024, 6:39:19,23:39:19,7/31/2024,
7C,8/1/2024 7:39,19.8,8/1/2024, 7:39:19, 0:39:19,8/1/2024,
7C,8/1/2024 8:39,19.9,8/1/2024, 8:39:19, 1:39:19,8/1/2024,
7C,8/1/2024 9:39,19.9,8/1/2024, 9:39:19, 2:39:19,8/1/2024,
7C,8/1/2024 10:39,19.9,8/1/2024,10:39:19, 3:39:19,8/1/2024,
7C,8/1/2024 11:39,19.8,8/1/2024,11:39:19, 4:39:19,8/1/2024,
7C,8/1/2024 12:39,19.9,8/1/2024,12:39:19, 5:39:19,8/1/2024,
7C,8/1/2024 13:39,19.9,8/1/2024,13:39:19, 6:39:19,8/1/2024,
7C,8/1/2024 14:39,19.9,8/1/2024,14:39:19, 7:39:19,8/1/2024,
7C,8/1/2024 15:39,20,8/1/2024,15:39:19, 8:39:19,8/1/2024,
7C,8/1/2024 16:39,20,8/1/2024,16:39:19, 9:39:19,8/1/2024,
7C,8/1/2024 17:39,20,8/1/2024,17:39:19,10:39:19,8/1/2024,
7C,8/1/2024 18:39,20,8/1/2024,18:39:19,11:39:19,8/1/2024,
7C,8/1/2024 19:39,20,8/1/2024,19:39:19,12:39:19,8/1/2024,
7C,8/1/2024 20:39,20.2,8/1/2024,20:39:19,13:39:19,8/1/2024,
7C,8/1/2024 21:39,20.1,8/1/2024,21:39:19,14:39:19,8/1/2024,
7C,8/1/2024 22:39,20.1,8/1/2024,22:39:19,15:39:19,8/1/2024,
7C,8/1/2024 23:39,20.1,8/1/2024,23:39:19,16:39:19,8/1/2024,
7C,8/2/2024 0:39,20.1,8/2/2024, 0:39:19,17:39:19,8/1/2024,
7C,8/2/2024 1:39,20,8/2/2024, 1:39:19,18:39:19,8/1/2024,
7C,8/2/2024 2:39,20,8/2/2024, 2:39:19,19:39:19,8/1/2024,
7C,8/2/2024 3:39,20,8/2/2024, 3:39:19,20:39:19,8/1/2024,
7C,8/2/2024 4:39,20,8/2/2024, 4:39:19,21:39:19,8/1/2024,
7C,8/2/2024 5:39,19.9,8/2/2024, 5:39:19,22:39:19,8/1/2024,
7C,8/2/2024 6:39,19.9,8/2/2024, 6:39:19,23:39:19,8/1/2024,
7C,8/2/2024 7:39,20,8/2/2024, 7:39:19, 0:39:19,8/2/2024,
7C,8/2/2024 8:39,19.9,8/2/2024, 8:39:19, 1:39:19,8/2/2024,
7C,8/2/2024 9:39,19.9,8/2/2024, 9:39:19, 2:39:19,8/2/2024,
7C,8/2/2024 10:39,19.9,8/2/2024,10:39:19, 3:39:19,8/2/2024,
7C,8/2/2024 11:39,19.8,8/2/2024,11:39:19, 4:39:19,8/2/2024,
7C,8/2/2024 12:39,19.8,8/2/2024,12:39:19, 5:39:19,8/2/2024,
7C,8/2/2024 13:39,19.8,8/2/2024,13:39:19, 6:39:19,8/2/2024,
7C,8/2/2024 14:39,19.9,8/2/2024,14:39:19, 7:39:19,8/2/2024,
7C,8/2/2024 15:39,19.9,8/2/2024,15:39:19, 8:39:19,8/2/2024,
7C,8/2/2024 16:39,19.9,8/2/2024,16:39:19, 9:39:19,8/2/2024,
7C,8/2/2024 17:39,20,8/2/2024,17:39:19,10:39:19,8/2/2024,
7C,8/2/2024 18:39,19.9,8/2/2024,18:39:19,11:39:19,8/2/2024,
7C,8/2/2024 19:39,20,8/2/2024,19:39:19,12:39:19,8/2/2024,
7C,8/2/2024 20:39,20,8/2/2024,20:39:19,13:39:19,8/2/2024,
7C,8/2/2024 21:39,20,8/2/2024,21:39:19,14:39:19,8/2/2024,
7C,8/2/2024 22:39,20,8/2/2024,22:39:19,15:39:19,8/2/2024,
7C,8/2/2024 23:39,20,8/2/2024,23:39:19,16:39:19,8/2/2024,
7C,8/3/2024 0:39,20.1,8/3/2024, 0:39:19,17:39:19,8/2/2024,
7C,8/3/2024 1:39,20,8/3/2024, 1:39:19,18:39:19,8/2/2024,
7C,8/3/2024 2:39,19.9,8/3/2024, 2:39:19,19:39:19,8/2/2024,
7C,8/3/2024 3:39,19.9,8/3/2024, 3:39:19,20:39:19,8/2/2024,
7C,8/3/2024 4:39,19.8,8/3/2024, 4:39:19,21:39:19,8/2/2024,
7C,8/3/2024 5:39,19.9,8/3/2024, 5:39:19,22:39:19,8/2/2024,
7C,8/3/2024 6:39,19.9,8/3/2024, 6:39:19,23:39:19,8/2/2024,
7C,8/3/2024 7:39,19.8,8/3/2024, 7:39:19, 0:39:19,8/3/2024,
7C,8/3/2024 8:39,19.8,8/3/2024, 8:39:19, 1:39:19,8/3/2024,
7C,8/3/2024 9:39,19.8,8/3/2024, 9:39:19, 2:39:19,8/3/2024,
7C,8/3/2024 10:39,19.8,8/3/2024,10:39:19, 3:39:19,8/3/2024,
7C,8/3/2024 11:39,19.8,8/3/2024,11:39:19, 4:39:19,8/3/2024,
7C,8/3/2024 12:39,19.7,8/3/2024,12:39:19, 5:39:19,8/3/2024,
7C,8/3/2024 13:39,19.8,8/3/2024,13:39:19, 6:39:19,8/3/2024,
7C,8/3/2024 14:39,19.7,8/3/2024,14:39:19, 7:39:19,8/3/2024,
7C,8/3/2024 15:39,19.8,8/3/2024,15:39:19, 8:39:19,8/3/2024,
7C,8/3/2024 16:39,19.7,8/3/2024,16:39:19, 9:39:19,8/3/2024,
7C,8/3/2024 17:39,19.7,8/3/2024,17:39:19,10:39:19,8/3/2024,
7C,8/3/2024 18:39,19.7,8/3/2024,18:39:19,11:39:19,8/3/2024,
7C,8/3/2024 19:39,19.7,8/3/2024,19:39:19,12:39:19,8/3/2024,
7C,8/3/2024 20:39,19.7,8/3/2024,20:39:19,13:39:19,8/3/2024,
7C,8/3/2024 21:39,19.7,8/3/2024,21:39:19,14:39:19,8/3/2024,
7C,8/3/2024 22:39,19.6,8/3/2024,22:39:19,15:39:19,8/3/2024,
7C,8/3/2024 23:39,19.6,8/3/2024,23:39:19,16:39:19,8/3/2024,
7C,8/4/2024 0:39,19.6,8/4/2024, 0:39:19,17:39:19,8/3/2024,
7C,8/4/2024 1:39,19.6,8/4/2024, 1:39:19,18:39:19,8/3/2024,
7C,8/4/2024 2:39,19.5,8/4/2024, 2:39:19,19:39:19,8/3/2024,
7C,8/4/2024 3:39,19.5,8/4/2024, 3:39:19,20:39:19,8/3/2024,
7C,8/4/2024 4:39,19.5,8/4/2024, 4:39:19,21:39:19,8/3/2024,
7C,8/4/2024 5:39,19.5,8/4/2024, 5:39:19,22:39:19,8/3/2024,
7C,8/4/2024 6:39,19.5,8/4/2024, 6:39:19,23:39:19,8/3/2024,
1E,7/30/2024 13:36,26,7/30/2024,13:36:10, 6:36:10,7/30/2024,
1E,7/30/2024 14:36,26,7/30/2024,14:36:10, 7:36:10,7/30/2024,
1E,7/30/2024 15:36,26,7/30/2024,15:36:10, 8:36:10,7/30/2024,
1E,7/30/2024 16:36,25.9,7/30/2024,16:36:10, 9:36:10,7/30/2024,
1E,7/30/2024 17:36,26,7/30/2024,17:36:10,10:36:10,7/30/2024,
1E,7/30/2024 18:36,26,7/30/2024,18:36:10,11:36:10,7/30/2024,
1E,7/30/2024 19:36,25.9,7/30/2024,19:36:10,12:36:10,7/30/2024,
1E,7/30/2024 20:36,26,7/30/2024,20:36:10,13:36:10,7/30/2024,
1E,7/30/2024 21:36,25.9,7/30/2024,21:36:10,14:36:10,7/30/2024,
1E,7/30/2024 22:36,25.5,7/30/2024,22:36:10,15:36:10,7/30/2024,
1E,7/30/2024 23:36,25.9,7/30/2024,23:36:10,16:36:10,7/30/2024,
1E,7/31/2024 0:36,25.9,7/31/2024, 0:36:10,17:36:10,7/30/2024,
1E,7/31/2024 1:36,26,7/31/2024, 1:36:10,18:36:10,7/30/2024,
1E,7/31/2024 2:36,25.9,7/31/2024, 2:36:10,19:36:10,7/30/2024,
1E,7/31/2024 3:36,25.9,7/31/2024, 3:36:10,20:36:10,7/30/2024,
1E,7/31/2024 4:36,25.9,7/31/2024, 4:36:10,21:36:10,7/30/2024,
1E,7/31/2024 5:36,25.9,7/31/2024, 5:36:10,22:36:10,7/30/2024,
1E,7/31/2024 6:36,25.9,7/31/2024, 6:36:10,23:36:10,7/30/2024,
1E,7/31/2024 7:36,25.9,7/31/2024, 7:36:10, 0:36:10,7/31/2024,
1E,7/31/2024 8:36,25.8,7/31/2024, 8:36:10, 1:36:10,7/31/2024,
1E,7/31/2024 9:36,25.9,7/31/2024, 9:36:10, 2:36:10,7/31/2024,
1E,7/31/2024 10:36,25.9,7/31/2024,10:36:10, 3:36:10,7/31/2024,
1E,7/31/2024 11:36,25.8,7/31/2024,11:36:10, 4:36:10,7/31/2024,
1E,7/31/2024 12:36,25.8,7/31/2024,12:36:10, 5:36:10,7/31/2024,
1E,7/31/2024 13:36,25.9,7/31/2024,13:36:10, 6:36:10,7/31/2024,
1E,7/31/2024 14:36,25.9,7/31/2024,14:36:10, 7:36:10,7/31/2024,
1E,7/31/2024 15:36,25.9,7/31/2024,15:36:10, 8:36:10,7/31/2024,
1E,7/31/2024 16:36,25.9,7/31/2024,16:36:10, 9:36:10,7/31/2024,
1E,7/31/2024 17:36,25.9,7/31/2024,17:36:10,10:36:10,7/31/2024,
1E,7/31/2024 18:36,25.9,7/31/2024,18:36:10,11:36:10,7/31/2024,
1E,7/31/2024 19:36,25.8,7/31/2024,19:36:10,12:36:10,7/31/2024,
1E,7/31/2024 20:36,25.9,7/31/2024,20:36:10,13:36:10,7/31/2024,
1E,7/31/2024 21:36,25.9,7/31/2024,21:36:10,14:36:10,7/31/2024,
1E,7/31/2024 22:36,25.9,7/31/2024,22:36:10,15:36:10,7/31/2024,
1E,7/31/2024 23:36,25.9,7/31/2024,23:36:10,16:36:10,7/31/2024,
1E,8/1/2024 0:36,25.8,8/1/2024, 0:36:10,17:36:10,7/31/2024,
1E,8/1/2024 1:36,25.8,8/1/2024, 1:36:10,18:36:10,7/31/2024,
1E,8/1/2024 2:36,25.7,8/1/2024, 2:36:10,19:36:10,7/31/2024,
1E,8/1/2024 3:36,25.7,8/1/2024, 3:36:10,20:36:10,7/31/2024,
1E,8/1/2024 4:36,25.8,8/1/2024, 4:36:10,21:36:10,7/31/2024,
1E,8/1/2024 5:36,25.7,8/1/2024, 5:36:10,22:36:10,7/31/2024,
1E,8/1/2024 6:36,25.7,8/1/2024, 6:36:10,23:36:10,7/31/2024,
1E,8/1/2024 7:36,25.7,8/1/2024, 7:36:10, 0:36:10,8/1/2024,
1E,8/1/2024 8:36,25.8,8/1/2024, 8:36:10, 1:36:10,8/1/2024,
1E,8/1/2024 9:36,25.8,8/1/2024, 9:36:10, 2:36:10,8/1/2024,
1E,8/1/2024 10:36,25.7,8/1/2024,10:36:10, 3:36:10,8/1/2024,
1E,8/1/2024 11:36,25.7,8/1/2024,11:36:10, 4:36:10,8/1/2024,
1E,8/1/2024 12:36,25.7,8/1/2024,12:36:10, 5:36:10,8/1/2024,
1E,8/1/2024 13:36,25.8,8/1/2024,13:36:10, 6:36:10,8/1/2024,
1E,8/1/2024 14:36,25.8,8/1/2024,14:36:10, 7:36:10,8/1/2024,
1E,8/1/2024 15:36,25.8,8/1/2024,15:36:10, 8:36:10,8/1/2024,
1E,8/1/2024 16:36,25.8,8/1/2024,16:36:10, 9:36:10,8/1/2024,
1E,8/1/2024 17:36,25.8,8/1/2024,17:36:10,10:36:10,8/1/2024,
1E,8/1/2024 18:36,25.8,8/1/2024,18:36:10,11:36:10,8/1/2024,
1E,8/1/2024 19:36,25.8,8/1/2024,19:36:10,12:36:10,8/1/2024,
1E,8/1/2024 20:36,25.8,8/1/2024,20:36:10,13:36:10,8/1/2024,
1E,8/1/2024 21:36,25.8,8/1/2024,21:36:10,14:36:10,8/1/2024,
1E,8/1/2024 22:36,25.8,8/1/2024,22:36:10,15:36:10,8/1/2024,
1E,8/1/2024 23:36,25.8,8/1/2024,23:36:10,16:36:10,8/1/2024,
1E,8/2/2024 0:36,25.8,8/2/2024, 0:36:10,17:36:10,8/1/2024,
1E,8/2/2024 1:36,25.8,8/2/2024, 1:36:10,18:36:10,8/1/2024,
1E,8/2/2024 2:36,25.7,8/2/2024, 2:36:10,19:36:10,8/1/2024,
1E,8/2/2024 3:36,25.7,8/2/2024, 3:36:10,20:36:10,8/1/2024,
1E,8/2/2024 4:36,25.7,8/2/2024, 4:36:10,21:36:10,8/1/2024,
1E,8/2/2024 5:36,25.6,8/2/2024, 5:36:10,22:36:10,8/1/2024,
1E,8/2/2024 6:36,25.6,8/2/2024, 6:36:10,23:36:10,8/1/2024,
1E,8/2/2024 7:36,25.6,8/2/2024, 7:36:10, 0:36:10,8/2/2024,
1E,8/2/2024 8:36,25.6,8/2/2024, 8:36:10, 1:36:10,8/2/2024,
1E,8/2/2024 9:36,25.6,8/2/2024, 9:36:10, 2:36:10,8/2/2024,
1E,8/2/2024 10:36,25.6,8/2/2024,10:36:10, 3:36:10,8/2/2024,
1E,8/2/2024 11:36,25.6,8/2/2024,11:36:10, 4:36:10,8/2/2024,
1E,8/2/2024 12:36,25.6,8/2/2024,12:36:10, 5:36:10,8/2/2024,
1E,8/2/2024 13:36,25.6,8/2/2024,13:36:10, 6:36:10,8/2/2024,
1E,8/2/2024 14:36,25.7,8/2/2024,14:36:10, 7:36:10,8/2/2024,
1E,8/2/2024 15:36,25.7,8/2/2024,15:36:10, 8:36:10,8/2/2024,
1E,8/2/2024 16:36,25.7,8/2/2024,16:36:10, 9:36:10,8/2/2024,
1E,8/2/2024 17:36,25.7,8/2/2024,17:36:10,10:36:10,8/2/2024,
1E,8/2/2024 18:36,25.7,8/2/2024,18:36:10,11:36:10,8/2/2024,
1E,8/2/2024 19:36,25.7,8/2/2024,19:36:10,12:36:10,8/2/2024,
1E,8/2/2024 20:36,25.7,8/2/2024,20:36:10,13:36:10,8/2/2024,
1E,8/2/2024 21:36,25.7,8/2/2024,21:36:10,14:36:10,8/2/2024,
1E,8/2/2024 22:36,25.7,8/2/2024,22:36:10,15:36:10,8/2/2024,
1E,8/2/2024 23:36,25.7,8/2/2024,23:36:10,16:36:10,8/2/2024,
1E,8/3/2024 0:36,25.6,8/3/2024, 0:36:10,17:36:10,8/2/2024,
1E,8/3/2024 1:36,25.6,8/3/2024, 1:36:10,18:36:10,8/2/2024,
1E,8/3/2024 2:36,25.6,8/3/2024, 2:36:10,19:36:10,8/2/2024,
1E,8/3/2024 3:36,25.6,8/3/2024, 3:36:10,20:36:10,8/2/2024,
1E,8/3/2024 4:36,25.6,8/3/2024, 4:36:10,21:36:10,8/2/2024,
1E,8/3/2024 5:36,25.6,8/3/2024, 5:36:10,22:36:10,8/2/2024,
1E,8/3/2024 6:36,25.6,8/3/2024, 6:36:10,23:36:10,8/2/2024,
1E,8/3/2024 7:36,25.6,8/3/2024, 7:36:10, 0:36:10,8/3/2024,
1E,8/3/2024 8:36,25.6,8/3/2024, 8:36:10, 1:36:10,8/3/2024,
1E,8/3/2024 9:36,25.6,8/3/2024, 9:36:10, 2:36:10,8/3/2024,
1E,8/3/2024 10:36,25.6,8/3/2024,10:36:10, 3:36:10,8/3/2024,
1E,8/3/2024 11:36,25.5,8/3/2024,11:36:10, 4:36:10,8/3/2024,
1E,8/3/2024 12:36,25.5,8/3/2024,12:36:10, 5:36:10,8/3/2024,
1E,8/3/2024 13:36,25.5,8/3/2024,13:36:10, 6:36:10,8/3/2024,
1E,8/3/2024 14:36,25.5,8/3/2024,14:36:10, 7:36:10,8/3/2024,
1E,8/3/2024 15:36,25.6,8/3/2024,15:36:10, 8:36:10,8/3/2024,
1E,8/3/2024 16:36,25.5,8/3/2024,16:36:10, 9:36:10,8/3/2024,
1E,8/3/2024 17:36,25.5,8/3/2024,17:36:10,10:36:10,8/3/2024,
1E,8/3/2024 18:36,25.5,8/3/2024,18:36:10,11:36:10,8/3/2024,
1E,8/3/2024 19:36,25.5,8/3/2024,19:36:10,12:36:10,8/3/2024,
1E,8/3/2024 20:36,25.5,8/3/2024,20:36:10,13:36:10,8/3/2024,
1E,8/3/2024 21:36,25.5,8/3/2024,21:36:10,14:36:10,8/3/2024,
1E,8/3/2024 22:36,25.5,8/3/2024,22:36:10,15:36:10,8/3/2024,
1E,8/3/2024 23:36,25.5,8/3/2024,23:36:10,16:36:10,8/3/2024,
1E,8/4/2024 0:36,25.4,8/4/2024, 0:36:10,17:36:10,8/3/2024,
1E,8/4/2024 1:36,25.4,8/4/2024, 1:36:10,18:36:10,8/3/2024,
1E,8/4/2024 2:36,25.4,8/4/2024, 2:36:10,19:36:10,8/3/2024,
1E,8/4/2024 3:36,25.4,8/4/2024, 3:36:10,20:36:10,8/3/2024,
1E,8/4/2024 4:36,25.4,8/4/2024, 4:36:10,21:36:10,8/3/2024,
1E,8/4/2024 5:36,25.4,8/4/2024, 5:36:10,22:36:10,8/3/2024,
1E,8/4/2024 6:36,25.4,8/4/2024, 6:36:10,23:36:10,8/3/2024,
4E,7/30/2024 13:36,26.2,7/30/2024,13:36:05, 6:36:05,7/30/2024,
4E,7/30/2024 14:36,26.2,7/30/2024,14:36:05, 7:36:05,7/30/2024,
4E,7/30/2024 15:36,26.2,7/30/2024,15:36:05, 8:36:05,7/30/2024,
4E,7/30/2024 16:36,26.2,7/30/2024,16:36:05, 9:36:05,7/30/2024,
4E,7/30/2024 17:36,26.2,7/30/2024,17:36:05,10:36:05,7/30/2024,
4E,7/30/2024 18:36,26.2,7/30/2024,18:36:05,11:36:05,7/30/2024,
4E,7/30/2024 19:36,26.2,7/30/2024,19:36:05,12:36:05,7/30/2024,
4E,7/30/2024 20:36,26.2,7/30/2024,20:36:05,13:36:05,7/30/2024,
4E,7/30/2024 21:36,26.2,7/30/2024,21:36:05,14:36:05,7/30/2024,
4E,7/30/2024 22:36,25.9,7/30/2024,22:36:05,15:36:05,7/30/2024,
4E,7/30/2024 23:36,26.2,7/30/2024,23:36:05,16:36:05,7/30/2024,
4E,7/31/2024 0:36,26.2,7/31/2024, 0:36:05,17:36:05,7/30/2024,
4E,7/31/2024 1:36,26.2,7/31/2024, 1:36:05,18:36:05,7/30/2024,
4E,7/31/2024 2:36,26.1,7/31/2024, 2:36:05,19:36:05,7/30/2024,
4E,7/31/2024 3:36,26.2,7/31/2024, 3:36:05,20:36:05,7/30/2024,
4E,7/31/2024 4:36,26.2,7/31/2024, 4:36:05,21:36:05,7/30/2024,
4E,7/31/2024 5:36,26.2,7/31/2024, 5:36:05,22:36:05,7/30/2024,
4E,7/31/2024 6:36,26.2,7/31/2024, 6:36:05,23:36:05,7/30/2024,
4E,7/31/2024 7:36,26.1,7/31/2024, 7:36:05, 0:36:05,7/31/2024,
4E,7/31/2024 8:36,26.1,7/31/2024, 8:36:05, 1:36:05,7/31/2024,
4E,7/31/2024 9:36,26.1,7/31/2024, 9:36:05, 2:36:05,7/31/2024,
4E,7/31/2024 10:36,26.1,7/31/2024,10:36:05, 3:36:05,7/31/2024,
4E,7/31/2024 11:36,26.1,7/31/2024,11:36:05, 4:36:05,7/31/2024,
4E,7/31/2024 12:36,26.2,7/31/2024,12:36:05, 5:36:05,7/31/2024,
4E,7/31/2024 13:36,26.2,7/31/2024,13:36:05, 6:36:05,7/31/2024,
4E,7/31/2024 14:36,26.2,7/31/2024,14:36:05, 7:36:05,7/31/2024,
4E,7/31/2024 15:36,26.2,7/31/2024,15:36:05, 8:36:05,7/31/2024,
4E,7/31/2024 16:36,26.2,7/31/2024,16:36:05, 9:36:05,7/31/2024,
4E,7/31/2024 17:36,26.2,7/31/2024,17:36:05,10:36:05,7/31/2024,
4E,7/31/2024 18:36,26.2,7/31/2024,18:36:05,11:36:05,7/31/2024,
4E,7/31/2024 19:36,26.1,7/31/2024,19:36:05,12:36:05,7/31/2024,
4E,7/31/2024 20:36,26.2,7/31/2024,20:36:05,13:36:05,7/31/2024,
4E,7/31/2024 21:36,26.2,7/31/2024,21:36:05,14:36:05,7/31/2024,
4E,7/31/2024 22:36,26.1,7/31/2024,22:36:05,15:36:05,7/31/2024,
4E,7/31/2024 23:36,26.2,7/31/2024,23:36:05,16:36:05,7/31/2024,
4E,8/1/2024 0:36,26.2,8/1/2024, 0:36:05,17:36:05,7/31/2024,
4E,8/1/2024 1:36,26.2,8/1/2024, 1:36:05,18:36:05,7/31/2024,
4E,8/1/2024 2:36,26.1,8/1/2024, 2:36:05,19:36:05,7/31/2024,
4E,8/1/2024 3:36,26.2,8/1/2024, 3:36:05,20:36:05,7/31/2024,
4E,8/1/2024 4:36,26.1,8/1/2024, 4:36:05,21:36:05,7/31/2024,
4E,8/1/2024 5:36,26.2,8/1/2024, 5:36:05,22:36:05,7/31/2024,
4E,8/1/2024 6:36,26.1,8/1/2024, 6:36:05,23:36:05,7/31/2024,
4E,8/1/2024 7:36,26.1,8/1/2024, 7:36:05, 0:36:05,8/1/2024,
4E,8/1/2024 8:36,26.1,8/1/2024, 8:36:05, 1:36:05,8/1/2024,
4E,8/1/2024 9:36,26.1,8/1/2024, 9:36:05, 2:36:05,8/1/2024,
4E,8/1/2024 10:36,26.1,8/1/2024,10:36:05, 3:36:05,8/1/2024,
4E,8/1/2024 11:36,26.1,8/1/2024,11:36:05, 4:36:05,8/1/2024,
4E,8/1/2024 12:36,26.1,8/1/2024,12:36:05, 5:36:05,8/1/2024,
4E,8/1/2024 13:36,26.2,8/1/2024,13:36:05, 6:36:05,8/1/2024,
4E,8/1/2024 14:36,26.1,8/1/2024,14:36:05, 7:36:05,8/1/2024,
4E,8/1/2024 15:36,26.2,8/1/2024,15:36:05, 8:36:05,8/1/2024,
4E,8/1/2024 16:36,26.1,8/1/2024,16:36:05, 9:36:05,8/1/2024,
4E,8/1/2024 17:36,26.1,8/1/2024,17:36:05,10:36:05,8/1/2024,
4E,8/1/2024 18:36,26.1,8/1/2024,18:36:05,11:36:05,8/1/2024,
4E,8/1/2024 19:36,26.1,8/1/2024,19:36:05,12:36:05,8/1/2024,
4E,8/1/2024 20:36,26.1,8/1/2024,20:36:05,13:36:05,8/1/2024,
4E,8/1/2024 21:36,26.1,8/1/2024,21:36:05,14:36:05,8/1/2024,
4E,8/1/2024 22:36,26.1,8/1/2024,22:36:05,15:36:05,8/1/2024,
4E,8/1/2024 23:36,26,8/1/2024,23:36:05,16:36:05,8/1/2024,
4E,8/2/2024 0:36,26.1,8/2/2024, 0:36:05,17:36:05,8/1/2024,
4E,8/2/2024 1:36,26,8/2/2024, 1:36:05,18:36:05,8/1/2024,
4E,8/2/2024 2:36,26,8/2/2024, 2:36:05,19:36:05,8/1/2024,
4E,8/2/2024 3:36,26.1,8/2/2024, 3:36:05,20:36:05,8/1/2024,
4E,8/2/2024 4:36,26.1,8/2/2024, 4:36:05,21:36:05,8/1/2024,
4E,8/2/2024 5:36,26,8/2/2024, 5:36:05,22:36:05,8/1/2024,
4E,8/2/2024 6:36,26,8/2/2024, 6:36:05,23:36:05,8/1/2024,
4E,8/2/2024 7:36,26,8/2/2024, 7:36:05, 0:36:05,8/2/2024,
4E,8/2/2024 8:36,26,8/2/2024, 8:36:05, 1:36:05,8/2/2024,
4E,8/2/2024 9:36,26,8/2/2024, 9:36:05, 2:36:05,8/2/2024,
4E,8/2/2024 10:36,26,8/2/2024,10:36:05, 3:36:05,8/2/2024,
4E,8/2/2024 11:36,26,8/2/2024,11:36:05, 4:36:05,8/2/2024,
4E,8/2/2024 12:36,26,8/2/2024,12:36:05, 5:36:05,8/2/2024,
4E,8/2/2024 13:36,26,8/2/2024,13:36:05, 6:36:05,8/2/2024,
4E,8/2/2024 14:36,26,8/2/2024,14:36:05, 7:36:05,8/2/2024,
4E,8/2/2024 15:36,26,8/2/2024,15:36:05, 8:36:05,8/2/2024,
4E,8/2/2024 16:36,26.1,8/2/2024,16:36:05, 9:36:05,8/2/2024,
4E,8/2/2024 17:36,26,8/2/2024,17:36:05,10:36:05,8/2/2024,
4E,8/2/2024 18:36,26,8/2/2024,18:36:05,11:36:05,8/2/2024,
4E,8/2/2024 19:36,26,8/2/2024,19:36:05,12:36:05,8/2/2024,
4E,8/2/2024 20:36,26,8/2/2024,20:36:05,13:36:05,8/2/2024,
4E,8/2/2024 21:36,26,8/2/2024,21:36:05,14:36:05,8/2/2024,
4E,8/2/2024 22:36,26,8/2/2024,22:36:05,15:36:05,8/2/2024,
4E,8/2/2024 23:36,26,8/2/2024,23:36:05,16:36:05,8/2/2024,
4E,8/3/2024 0:36,26.1,8/3/2024, 0:36:05,17:36:05,8/2/2024,
4E,8/3/2024 1:36,26,8/3/2024, 1:36:05,18:36:05,8/2/2024,
4E,8/3/2024 2:36,25.9,8/3/2024, 2:36:05,19:36:05,8/2/2024,
4E,8/3/2024 3:36,25.9,8/3/2024, 3:36:05,20:36:05,8/2/2024,
4E,8/3/2024 4:36,25.9,8/3/2024, 4:36:05,21:36:05,8/2/2024,
4E,8/3/2024 5:36,25.9,8/3/2024, 5:36:05,22:36:05,8/2/2024,
4E,8/3/2024 6:36,25.9,8/3/2024, 6:36:05,23:36:05,8/2/2024,
4E,8/3/2024 7:36,25.9,8/3/2024, 7:36:05, 0:36:05,8/3/2024,
4E,8/3/2024 8:36,25.9,8/3/2024, 8:36:05, 1:36:05,8/3/2024,
4E,8/3/2024 9:36,25.9,8/3/2024, 9:36:05, 2:36:05,8/3/2024,
4E,8/3/2024 10:36,25.9,8/3/2024,10:36:05, 3:36:05,8/3/2024,
4E,8/3/2024 11:36,25.9,8/3/2024,11:36:05, 4:36:05,8/3/2024,
4E,8/3/2024 12:36,26,8/3/2024,12:36:05, 5:36:05,8/3/2024,
4E,8/3/2024 13:36,25.9,8/3/2024,13:36:05, 6:36:05,8/3/2024,
4E,8/3/2024 14:36,25.9,8/3/2024,14:36:05, 7:36:05,8/3/2024,
4E,8/3/2024 15:36,25.9,8/3/2024,15:36:05, 8:36:05,8/3/2024,
4E,8/3/2024 16:36,25.9,8/3/2024,16:36:05, 9:36:05,8/3/2024,
4E,8/3/2024 17:36,25.9,8/3/2024,17:36:05,10:36:05,8/3/2024,
4E,8/3/2024 18:36,25.9,8/3/2024,18:36:05,11:36:05,8/3/2024,
4E,8/3/2024 19:36,25.9,8/3/2024,19:36:05,12:36:05,8/3/2024,
4E,8/3/2024 20:36,25.9,8/3/2024,20:36:05,13:36:05,8/3/2024,
4E,8/3/2024 21:36,25.9,8/3/2024,21:36:05,14:36:05,8/3/2024,
4E,8/3/2024 22:36,25.8,8/3/2024,22:36:05,15:36:05,8/3/2024,
4E,8/3/2024 23:36,25.9,8/3/2024,23:36:05,16:36:05,8/3/2024,
4E,8/4/2024 0:36,25.8,8/4/2024, 0:36:05,17:36:05,8/3/2024,
4E,8/4/2024 1:36,25.9,8/4/2024, 1:36:05,18:36:05,8/3/2024,
4E,8/4/2024 2:36,25.8,8/4/2024, 2:36:05,19:36:05,8/3/2024,
4E,8/4/2024 3:36,25.9,8/4/2024, 3:36:05,20:36:05,8/3/2024,
4E,8/4/2024 4:36,25.8,8/4/2024, 4:36:05,21:36:05,8/3/2024,
4E,8/4/2024 5:36,25.8,8/4/2024, 5:36:05,22:36:05,8/3/2024,
4E,8/4/2024 6:36,25.8,8/4/2024, 6:36:05,23:36:05,8/3/2024,
5E,7/30/2024 13:36,26.2,7/30/2024,13:36:19, 6:36:19,7/30/2024,
5E,7/30/2024 14:36,26.2,7/30/2024,14:36:19, 7:36:19,7/30/2024,
5E,7/30/2024 15:36,26.1,7/30/2024,15:36:19, 8:36:19,7/30/2024,
5E,7/30/2024 16:36,26.1,7/30/2024,16:36:19, 9:36:19,7/30/2024,
5E,7/30/2024 17:36,26.2,7/30/2024,17:36:19,10:36:19,7/30/2024,
5E,7/30/2024 18:36,26.2,7/30/2024,18:36:19,11:36:19,7/30/2024,
5E,7/30/2024 19:36,26.1,7/30/2024,19:36:19,12:36:19,7/30/2024,
5E,7/30/2024 20:36,26.1,7/30/2024,20:36:19,13:36:19,7/30/2024,
5E,7/30/2024 21:36,26.1,7/30/2024,21:36:19,14:36:19,7/30/2024,
5E,7/30/2024 22:36,26.1,7/30/2024,22:36:19,15:36:19,7/30/2024,
5E,7/30/2024 23:36,26.2,7/30/2024,23:36:19,16:36:19,7/30/2024,
5E,7/31/2024 0:36,26.1,7/31/2024, 0:36:19,17:36:19,7/30/2024,
5E,7/31/2024 1:36,26.1,7/31/2024, 1:36:19,18:36:19,7/30/2024,
5E,7/31/2024 2:36,25.9,7/31/2024, 2:36:19,19:36:19,7/30/2024,
5E,7/31/2024 3:36,26,7/31/2024, 3:36:19,20:36:19,7/30/2024,
5E,7/31/2024 4:36,26,7/31/2024, 4:36:19,21:36:19,7/30/2024,
5E,7/31/2024 5:36,26,7/31/2024, 5:36:19,22:36:19,7/30/2024,
5E,7/31/2024 6:36,26.1,7/31/2024, 6:36:19,23:36:19,7/30/2024,
5E,7/31/2024 7:36,26.1,7/31/2024, 7:36:19, 0:36:19,7/31/2024,
5E,7/31/2024 8:36,26.1,7/31/2024, 8:36:19, 1:36:19,7/31/2024,
5E,7/31/2024 9:36,26,7/31/2024, 9:36:19, 2:36:19,7/31/2024,
5E,7/31/2024 10:36,26.1,7/31/2024,10:36:19, 3:36:19,7/31/2024,
5E,7/31/2024 11:36,26,7/31/2024,11:36:19, 4:36:19,7/31/2024,
5E,7/31/2024 12:36,26.1,7/31/2024,12:36:19, 5:36:19,7/31/2024,
5E,7/31/2024 13:36,26,7/31/2024,13:36:19, 6:36:19,7/31/2024,
5E,7/31/2024 14:36,26.1,7/31/2024,14:36:19, 7:36:19,7/31/2024,
5E,7/31/2024 15:36,26,7/31/2024,15:36:19, 8:36:19,7/31/2024,
5E,7/31/2024 16:36,26.2,7/31/2024,16:36:19, 9:36:19,7/31/2024,
5E,7/31/2024 17:36,26.2,7/31/2024,17:36:19,10:36:19,7/31/2024,
5E,7/31/2024 18:36,26.3,7/31/2024,18:36:19,11:36:19,7/31/2024,
5E,7/31/2024 19:36,26.3,7/31/2024,19:36:19,12:36:19,7/31/2024,
5E,7/31/2024 20:36,26.3,7/31/2024,20:36:19,13:36:19,7/31/2024,
5E,7/31/2024 21:36,26.2,7/31/2024,21:36:19,14:36:19,7/31/2024,
5E,7/31/2024 22:36,26.3,7/31/2024,22:36:19,15:36:19,7/31/2024,
5E,7/31/2024 23:36,26.2,7/31/2024,23:36:19,16:36:19,7/31/2024,
5E,8/1/2024 0:36,26.3,8/1/2024, 0:36:19,17:36:19,7/31/2024,
5E,8/1/2024 1:36,26.2,8/1/2024, 1:36:19,18:36:19,7/31/2024,
5E,8/1/2024 2:36,26.3,8/1/2024, 2:36:19,19:36:19,7/31/2024,
5E,8/1/2024 3:36,26.2,8/1/2024, 3:36:19,20:36:19,7/31/2024,
5E,8/1/2024 4:36,26.1,8/1/2024, 4:36:19,21:36:19,7/31/2024,
5E,8/1/2024 5:36,26.2,8/1/2024, 5:36:19,22:36:19,7/31/2024,
5E,8/1/2024 6:36,26.2,8/1/2024, 6:36:19,23:36:19,7/31/2024,
5E,8/1/2024 7:36,26.1,8/1/2024, 7:36:19, 0:36:19,8/1/2024,
5E,8/1/2024 8:36,26.1,8/1/2024, 8:36:19, 1:36:19,8/1/2024,
5E,8/1/2024 9:36,26.1,8/1/2024, 9:36:19, 2:36:19,8/1/2024,
5E,8/1/2024 10:36,26.2,8/1/2024,10:36:19, 3:36:19,8/1/2024,
5E,8/1/2024 11:36,26.1,8/1/2024,11:36:19, 4:36:19,8/1/2024,
5E,8/1/2024 12:36,26.2,8/1/2024,12:36:19, 5:36:19,8/1/2024,
5E,8/1/2024 13:36,26.1,8/1/2024,13:36:19, 6:36:19,8/1/2024,
5E,8/1/2024 14:36,26.1,8/1/2024,14:36:19, 7:36:19,8/1/2024,
5E,8/1/2024 15:36,26.2,8/1/2024,15:36:19, 8:36:19,8/1/2024,
5E,8/1/2024 16:36,26.1,8/1/2024,16:36:19, 9:36:19,8/1/2024,
5E,8/1/2024 17:36,26.2,8/1/2024,17:36:19,10:36:19,8/1/2024,
5E,8/1/2024 18:36,26.1,8/1/2024,18:36:19,11:36:19,8/1/2024,
5E,8/1/2024 19:36,26.1,8/1/2024,19:36:19,12:36:19,8/1/2024,
5E,8/1/2024 20:36,26.1,8/1/2024,20:36:19,13:36:19,8/1/2024,
5E,8/1/2024 21:36,26.1,8/1/2024,21:36:19,14:36:19,8/1/2024,
5E,8/1/2024 22:36,26.1,8/1/2024,22:36:19,15:36:19,8/1/2024,
5E,8/1/2024 23:36,26.1,8/1/2024,23:36:19,16:36:19,8/1/2024,
5E,8/2/2024 0:36,26.1,8/2/2024, 0:36:19,17:36:19,8/1/2024,
5E,8/2/2024 1:36,25.9,8/2/2024, 1:36:19,18:36:19,8/1/2024,
5E,8/2/2024 2:36,25.9,8/2/2024, 2:36:19,19:36:19,8/1/2024,
5E,8/2/2024 3:36,25.9,8/2/2024, 3:36:19,20:36:19,8/1/2024,
5E,8/2/2024 4:36,26,8/2/2024, 4:36:19,21:36:19,8/1/2024,
5E,8/2/2024 5:36,25.9,8/2/2024, 5:36:19,22:36:19,8/1/2024,
5E,8/2/2024 6:36,25.9,8/2/2024, 6:36:19,23:36:19,8/1/2024,
5E,8/2/2024 7:36,25.9,8/2/2024, 7:36:19, 0:36:19,8/2/2024,
5E,8/2/2024 8:36,25.9,8/2/2024, 8:36:19, 1:36:19,8/2/2024,
5E,8/2/2024 9:36,25.9,8/2/2024, 9:36:19, 2:36:19,8/2/2024,
5E,8/2/2024 10:36,25.9,8/2/2024,10:36:19, 3:36:19,8/2/2024,
5E,8/2/2024 11:36,25.9,8/2/2024,11:36:19, 4:36:19,8/2/2024,
5E,8/2/2024 12:36,25.9,8/2/2024,12:36:19, 5:36:19,8/2/2024,
5E,8/2/2024 13:36,25.9,8/2/2024,13:36:19, 6:36:19,8/2/2024,
5E,8/2/2024 14:36,26,8/2/2024,14:36:19, 7:36:19,8/2/2024,
5E,8/2/2024 15:36,26,8/2/2024,15:36:19, 8:36:19,8/2/2024,
5E,8/2/2024 16:36,26,8/2/2024,16:36:19, 9:36:19,8/2/2024,
5E,8/2/2024 17:36,25.9,8/2/2024,17:36:19,10:36:19,8/2/2024,
5E,8/2/2024 18:36,25.9,8/2/2024,18:36:19,11:36:19,8/2/2024,
5E,8/2/2024 19:36,26,8/2/2024,19:36:19,12:36:19,8/2/2024,
5E,8/2/2024 20:36,26,8/2/2024,20:36:19,13:36:19,8/2/2024,
5E,8/2/2024 21:36,25.9,8/2/2024,21:36:19,14:36:19,8/2/2024,
5E,8/2/2024 22:36,25.9,8/2/2024,22:36:19,15:36:19,8/2/2024,
5E,8/2/2024 23:36,25.9,8/2/2024,23:36:19,16:36:19,8/2/2024,
5E,8/3/2024 0:36,25.9,8/3/2024, 0:36:19,17:36:19,8/2/2024,
5E,8/3/2024 1:36,25.9,8/3/2024, 1:36:19,18:36:19,8/2/2024,
5E,8/3/2024 2:36,25.8,8/3/2024, 2:36:19,19:36:19,8/2/2024,
5E,8/3/2024 3:36,25.8,8/3/2024, 3:36:19,20:36:19,8/2/2024,
5E,8/3/2024 4:36,25.8,8/3/2024, 4:36:19,21:36:19,8/2/2024,
5E,8/3/2024 5:36,25.8,8/3/2024, 5:36:19,22:36:19,8/2/2024,
5E,8/3/2024 6:36,25.8,8/3/2024, 6:36:19,23:36:19,8/2/2024,
5E,8/3/2024 7:36,25.9,8/3/2024, 7:36:19, 0:36:19,8/3/2024,
5E,8/3/2024 8:36,25.9,8/3/2024, 8:36:19, 1:36:19,8/3/2024,
5E,8/3/2024 9:36,25.8,8/3/2024, 9:36:19, 2:36:19,8/3/2024,
5E,8/3/2024 10:36,25.8,8/3/2024,10:36:19, 3:36:19,8/3/2024,
5E,8/3/2024 11:36,25.8,8/3/2024,11:36:19, 4:36:19,8/3/2024,
5E,8/3/2024 12:36,25.8,8/3/2024,12:36:19, 5:36:19,8/3/2024,
5E,8/3/2024 13:36,25.8,8/3/2024,13:36:19, 6:36:19,8/3/2024,
5E,8/3/2024 14:36,25.8,8/3/2024,14:36:19, 7:36:19,8/3/2024,
5E,8/3/2024 15:36,25.8,8/3/2024,15:36:19, 8:36:19,8/3/2024,
5E,8/3/2024 16:36,25.8,8/3/2024,16:36:19, 9:36:19,8/3/2024,
5E,8/3/2024 17:36,25.7,8/3/2024,17:36:19,10:36:19,8/3/2024,
5E,8/3/2024 18:36,25.7,8/3/2024,18:36:19,11:36:19,8/3/2024,
5E,8/3/2024 19:36,25.7,8/3/2024,19:36:19,12:36:19,8/3/2024,
5E,8/3/2024 20:36,25.8,8/3/2024,20:36:19,13:36:19,8/3/2024,
5E,8/3/2024 21:36,25.7,8/3/2024,21:36:19,14:36:19,8/3/2024,
5E,8/3/2024 22:36,25.7,8/3/2024,22:36:19,15:36:19,8/3/2024,
5E,8/3/2024 23:36,25.8,8/3/2024,23:36:19,16:36:19,8/3/2024,
5E,8/4/2024 0:36,25.7,8/4/2024, 0:36:19,17:36:19,8/3/2024,
5E,8/4/2024 1:36,25.7,8/4/2024, 1:36:19,18:36:19,8/3/2024,
5E,8/4/2024 2:36,25.7,8/4/2024, 2:36:19,19:36:19,8/3/2024,
5E,8/4/2024 3:36,25.7,8/4/2024, 3:36:19,20:36:19,8/3/2024,
5E,8/4/2024 4:36,25.7,8/4/2024, 4:36:19,21:36:19,8/3/2024,
5E,8/4/2024 5:36,25.7,8/4/2024, 5:36:19,22:36:19,8/3/2024,
5E,8/4/2024 6:36,25.7,8/4/2024, 6:36:19,23:36:19,8/3/2024,
7E,7/30/2024 13:34,25.9,7/30/2024,13:34:23, 6:34:23,7/30/2024,
7E,7/30/2024 14:34,26,7/30/2024,14:34:23, 7:34:23,7/30/2024,
7E,7/30/2024 15:34,25.9,7/30/2024,15:34:23, 8:34:23,7/30/2024,
7E,7/30/2024 16:34,26,7/30/2024,16:34:23, 9:34:23,7/30/2024,
7E,7/30/2024 17:34,26,7/30/2024,17:34:23,10:34:23,7/30/2024,
7E,7/30/2024 18:34,26,7/30/2024,18:34:23,11:34:23,7/30/2024,
7E,7/30/2024 19:34,26,7/30/2024,19:34:23,12:34:23,7/30/2024,
7E,7/30/2024 20:34,26,7/30/2024,20:34:23,13:34:23,7/30/2024,
7E,7/30/2024 21:34,25.9,7/30/2024,21:34:23,14:34:23,7/30/2024,
7E,7/30/2024 22:34,25.8,7/30/2024,22:34:23,15:34:23,7/30/2024,
7E,7/30/2024 23:34,26,7/30/2024,23:34:23,16:34:23,7/30/2024,
7E,7/31/2024 0:34,25.9,7/31/2024, 0:34:23,17:34:23,7/30/2024,
7E,7/31/2024 1:34,26,7/31/2024, 1:34:23,18:34:23,7/30/2024,
7E,7/31/2024 2:34,25.9,7/31/2024, 2:34:23,19:34:23,7/30/2024,
7E,7/31/2024 3:34,26,7/31/2024, 3:34:23,20:34:23,7/30/2024,
7E,7/31/2024 4:34,26.1,7/31/2024, 4:34:23,21:34:23,7/30/2024,
7E,7/31/2024 5:34,26.1,7/31/2024, 5:34:23,22:34:23,7/30/2024,
7E,7/31/2024 6:34,26.1,7/31/2024, 6:34:23,23:34:23,7/30/2024,
7E,7/31/2024 7:34,26.1,7/31/2024, 7:34:23, 0:34:23,7/31/2024,
7E,7/31/2024 8:34,26.1,7/31/2024, 8:34:23, 1:34:23,7/31/2024,
7E,7/31/2024 9:34,26.1,7/31/2024, 9:34:23, 2:34:23,7/31/2024,
7E,7/31/2024 10:34,26.1,7/31/2024,10:34:23, 3:34:23,7/31/2024,
7E,7/31/2024 11:34,26,7/31/2024,11:34:23, 4:34:23,7/31/2024,
7E,7/31/2024 12:34,26.1,7/31/2024,12:34:23, 5:34:23,7/31/2024,
7E,7/31/2024 13:34,26.1,7/31/2024,13:34:23, 6:34:23,7/31/2024,
7E,7/31/2024 14:34,26.1,7/31/2024,14:34:23, 7:34:23,7/31/2024,
7E,7/31/2024 15:34,26.1,7/31/2024,15:34:23, 8:34:23,7/31/2024,
7E,7/31/2024 16:34,26.2,7/31/2024,16:34:23, 9:34:23,7/31/2024,
7E,7/31/2024 17:34,26.1,7/31/2024,17:34:23,10:34:23,7/31/2024,
7E,7/31/2024 18:34,26.2,7/31/2024,18:34:23,11:34:23,7/31/2024,
7E,7/31/2024 19:34,26.1,7/31/2024,19:34:23,12:34:23,7/31/2024,
7E,7/31/2024 20:34,26.2,7/31/2024,20:34:23,13:34:23,7/31/2024,
7E,7/31/2024 21:34,26.2,7/31/2024,21:34:23,14:34:23,7/31/2024,
7E,7/31/2024 22:34,26.1,7/31/2024,22:34:23,15:34:23,7/31/2024,
7E,7/31/2024 23:34,26.1,7/31/2024,23:34:23,16:34:23,7/31/2024,
7E,8/1/2024 0:34,26.1,8/1/2024, 0:34:23,17:34:23,7/31/2024,
7E,8/1/2024 1:34,26.2,8/1/2024, 1:34:23,18:34:23,7/31/2024,
7E,8/1/2024 2:34,26.1,8/1/2024, 2:34:23,19:34:23,7/31/2024,
7E,8/1/2024 3:34,26.1,8/1/2024, 3:34:23,20:34:23,7/31/2024,
7E,8/1/2024 4:34,26.1,8/1/2024, 4:34:23,21:34:23,7/31/2024,
7E,8/1/2024 5:34,26.1,8/1/2024, 5:34:23,22:34:23,7/31/2024,
7E,8/1/2024 6:34,26.1,8/1/2024, 6:34:23,23:34:23,7/31/2024,
7E,8/1/2024 7:34,26.1,8/1/2024, 7:34:23, 0:34:23,8/1/2024,
7E,8/1/2024 8:34,26.1,8/1/2024, 8:34:23, 1:34:23,8/1/2024,
7E,8/1/2024 9:34,26.1,8/1/2024, 9:34:23, 2:34:23,8/1/2024,
7E,8/1/2024 10:34,26.1,8/1/2024,10:34:23, 3:34:23,8/1/2024,
7E,8/1/2024 11:34,26.2,8/1/2024,11:34:23, 4:34:23,8/1/2024,
7E,8/1/2024 12:34,26.1,8/1/2024,12:34:23, 5:34:23,8/1/2024,
7E,8/1/2024 13:34,26.2,8/1/2024,13:34:23, 6:34:23,8/1/2024,
7E,8/1/2024 14:34,26.1,8/1/2024,14:34:23, 7:34:23,8/1/2024,
7E,8/1/2024 15:34,26.1,8/1/2024,15:34:23, 8:34:23,8/1/2024,
7E,8/1/2024 16:34,26.1,8/1/2024,16:34:23, 9:34:23,8/1/2024,
7E,8/1/2024 17:34,26.1,8/1/2024,17:34:23,10:34:23,8/1/2024,
7E,8/1/2024 18:34,26.1,8/1/2024,18:34:23,11:34:23,8/1/2024,
7E,8/1/2024 19:34,26.1,8/1/2024,19:34:23,12:34:23,8/1/2024,
7E,8/1/2024 20:34,26.1,8/1/2024,20:34:23,13:34:23,8/1/2024,
7E,8/1/2024 21:34,26.1,8/1/2024,21:34:23,14:34:23,8/1/2024,
7E,8/1/2024 22:34,26.1,8/1/2024,22:34:23,15:34:23,8/1/2024,
7E,8/1/2024 23:34,26,8/1/2024,23:34:23,16:34:23,8/1/2024,
7E,8/2/2024 0:34,26.1,8/2/2024, 0:34:23,17:34:23,8/1/2024,
7E,8/2/2024 1:34,26,8/2/2024, 1:34:23,18:34:23,8/1/2024,
7E,8/2/2024 2:34,26,8/2/2024, 2:34:23,19:34:23,8/1/2024,
7E,8/2/2024 3:34,26.1,8/2/2024, 3:34:23,20:34:23,8/1/2024,
7E,8/2/2024 4:34,26.1,8/2/2024, 4:34:23,21:34:23,8/1/2024,
7E,8/2/2024 5:34,26,8/2/2024, 5:34:23,22:34:23,8/1/2024,
7E,8/2/2024 6:34,26,8/2/2024, 6:34:23,23:34:23,8/1/2024,
7E,8/2/2024 7:34,26,8/2/2024, 7:34:23, 0:34:23,8/2/2024,
7E,8/2/2024 8:34,26,8/2/2024, 8:34:23, 1:34:23,8/2/2024,
7E,8/2/2024 9:34,26,8/2/2024, 9:34:23, 2:34:23,8/2/2024,
7E,8/2/2024 10:34,26,8/2/2024,10:34:23, 3:34:23,8/2/2024,
7E,8/2/2024 11:34,26,8/2/2024,11:34:23, 4:34:23,8/2/2024,
7E,8/2/2024 12:34,26,8/2/2024,12:34:23, 5:34:23,8/2/2024,
7E,8/2/2024 13:34,26,8/2/2024,13:34:23, 6:34:23,8/2/2024,
7E,8/2/2024 14:34,26.1,8/2/2024,14:34:23, 7:34:23,8/2/2024,
7E,8/2/2024 15:34,26,8/2/2024,15:34:23, 8:34:23,8/2/2024,
7E,8/2/2024 16:34,26.1,8/2/2024,16:34:23, 9:34:23,8/2/2024,
7E,8/2/2024 17:34,26,8/2/2024,17:34:23,10:34:23,8/2/2024,
7E,8/2/2024 18:34,26.1,8/2/2024,18:34:23,11:34:23,8/2/2024,
7E,8/2/2024 19:34,26.1,8/2/2024,19:34:23,12:34:23,8/2/2024,
7E,8/2/2024 20:34,25.9,8/2/2024,20:34:23,13:34:23,8/2/2024,
7E,8/2/2024 21:34,26,8/2/2024,21:34:23,14:34:23,8/2/2024,
7E,8/2/2024 22:34,26.1,8/2/2024,22:34:23,15:34:23,8/2/2024,
7E,8/2/2024 23:34,26,8/2/2024,23:34:23,16:34:23,8/2/2024,
7E,8/3/2024 0:34,26,8/3/2024, 0:34:23,17:34:23,8/2/2024,
7E,8/3/2024 1:34,26,8/3/2024, 1:34:23,18:34:23,8/2/2024,
7E,8/3/2024 2:34,25.9,8/3/2024, 2:34:23,19:34:23,8/2/2024,
7E,8/3/2024 3:34,25.9,8/3/2024, 3:34:23,20:34:23,8/2/2024,
7E,8/3/2024 4:34,26,8/3/2024, 4:34:23,21:34:23,8/2/2024,
7E,8/3/2024 5:34,25.9,8/3/2024, 5:34:23,22:34:23,8/2/2024,
7E,8/3/2024 6:34,25.9,8/3/2024, 6:34:23,23:34:23,8/2/2024,
7E,8/3/2024 7:34,25.9,8/3/2024, 7:34:23, 0:34:23,8/3/2024,
7E,8/3/2024 8:34,26,8/3/2024, 8:34:23, 1:34:23,8/3/2024,
7E,8/3/2024 9:34,25.9,8/3/2024, 9:34:23, 2:34:23,8/3/2024,
7E,8/3/2024 10:34,25.9,8/3/2024,10:34:23, 3:34:23,8/3/2024,
7E,8/3/2024 11:34,25.9,8/3/2024,11:34:23, 4:34:23,8/3/2024,
7E,8/3/2024 12:34,26,8/3/2024,12:34:23, 5:34:23,8/3/2024,
7E,8/3/2024 13:34,25.9,8/3/2024,13:34:23, 6:34:23,8/3/2024,
7E,8/3/2024 14:34,25.9,8/3/2024,14:34:23, 7:34:23,8/3/2024,
7E,8/3/2024 15:34,25.9,8/3/2024,15:34:23, 8:34:23,8/3/2024,
7E,8/3/2024 16:34,25.9,8/3/2024,16:34:23, 9:34:23,8/3/2024,
7E,8/3/2024 17:34,25.9,8/3/2024,17:34:23,10:34:23,8/3/2024,
7E,8/3/2024 18:34,25.9,8/3/2024,18:34:23,11:34:23,8/3/2024,
7E,8/3/2024 19:34,25.9,8/3/2024,19:34:23,12:34:23,8/3/2024,
7E,8/3/2024 20:34,25.9,8/3/2024,20:34:23,13:34:23,8/3/2024,
7E,8/3/2024 21:34,25.9,8/3/2024,21:34:23,14:34:23,8/3/2024,
7E,8/3/2024 22:34,25.9,8/3/2024,22:34:23,15:34:23,8/3/2024,
7E,8/3/2024 23:34,25.9,8/3/2024,23:34:23,16:34:23,8/3/2024,
7E,8/4/2024 0:34,25.8,8/4/2024, 0:34:23,17:34:23,8/3/2024,
7E,8/4/2024 1:34,25.7,8/4/2024, 1:34:23,18:34:23,8/3/2024,
7E,8/4/2024 2:34,25.8,8/4/2024, 2:34:23,19:34:23,8/3/2024,
7E,8/4/2024 3:34,25.8,8/4/2024, 3:34:23,20:34:23,8/3/2024,
7E,8/4/2024 4:34,25.8,8/4/2024, 4:34:23,21:34:23,8/3/2024,
7E,8/4/2024 5:34,25.8,8/4/2024, 5:34:23,22:34:23,8/3/2024,
7E,8/4/2024 6:34,25.8,8/4/2024, 6:34:23,23:34:23,8/3/2024,
